{"train_losses": [0.5296934752022837, 0.2635637521942988, 0.22914162277179287, 0.2015410090253793, 0.1756053434630089, 0.16387449737319493, 0.15533291652330503, 0.14381559665768065, 0.14421349671049252, 0.12532010246914896, 0.12212519242458125, 0.12105316996081349, 0.10460572352727507, 0.11138146899560875, 0.10069751608270136, 0.09990438070636302, 0.09391537338637194, 0.08549828253086297, 0.08979890500674681, 0.09468716952108086], "val_accuracies": [0.4976635514018692, 0.8703271028037384, 0.8615654205607477, 0.8504672897196262, 0.28154205607476634, 0.8089953271028038, 0.9626168224299065, 0.9351635514018691, 0.8808411214953271, 0.9585280373831776, 0.9655373831775701, 0.9579439252336449, 0.9415887850467289, 0.945677570093458, 0.5146028037383178, 0.9380841121495327, 0.9480140186915887, 0.9591121495327103, 0.9485981308411215, 0.9228971962616822]}