{"train_losses": [0.532975697800278, 0.28417453631001677, 0.22170208232168526, 0.19785021924299193, 0.18906919462954935, 0.1754761698461551], "val_accuracies": [0.3089705208937327, 0.6629853077508785, 10.646593667842724, 0.41800296030662676, 0.36953578985951563, 0.39238519883818096], "lr_history": [0.001, 0.001, 0.001, 0.001, 0.001, 0.001]}